0	rightanswer_sentscore	wronganswer_sentscore
0.0	0.71	0.96
0.1	0.44	0.542857142857
0.2	0.532222222222	0.562777777778
0.3	0.505476190476	0.520714285714
0.4	0.589294117647	0.556
0.5	0.66488	0.45704
0.6	0.653862068966	0.487586206897
0.7	0.67010989011	0.463351648352
0.8	0.711643835616	0.456438356164
0.9	0.740677966102	0.442203389831
1.0	0.755365853659	0.424451219512
