submission_pk,User,PercentageScore
398113,cogcomp,0.776056 (1),
387027,msap,0.752004 (2),
407863,Jonbean,0.746660 (3),
389941,tbmihaylov,0.724212 (4),
386765,ukp,0.716729 (5),
383184,Niko,0.700160 (6),
385664,roemmele,0.671833 (7),
386869,mflor,0.620524 (8),
385979,Pranav_Goel,0.604490 (9),
387024,ROCNLP,0.595938 (10),
381552,lizhongyang,0.585249 (11),
396059,sjtuadapt,0.585249 (11),


